{
  "$comment": "Automatically generated by scripts/boost/generate-ports.ps1",
  "name": "boost-predef",
  "version": "1.85.0",
  "port-version": 1,
  "description": "Boost predef module",
  "homepage": "https://www.boost.org/libs/predef",
  "license": "BSL-1.0",
  "dependencies": [
    {
      "name": "boost-cmake",
      "version>=": "1.85.0"
    },
    {
      "name": "boost-config",
      "version>=": "1.85.0"
    },
    {
      "name": "boost-headers",
      "version>=": "1.85.0"
    }
  ]
}
