{
  "$comment": "Automatically generated by scripts/boost/generate-ports.ps1",
  "name": "boost-redis",
  "version": "1.85.0",
  "port-version": 2,
  "description": "Boost redis module",
  "homepage": "https://www.boost.org/libs/redis",
  "license": "BSL-1.0",
  "dependencies": [
    {
      "name": "boost-asio",
      "version>=": "1.85.0"
    },
    {
      "name": "boost-assert",
      "version>=": "1.85.0"
    },
    {
      "name": "boost-cmake",
      "version>=": "1.85.0"
    },
    {
      "name": "boost-config",
      "version>=": "1.85.0"
    },
    {
      "name": "boost-core",
      "version>=": "1.85.0"
    },
    {
      "name": "boost-headers",
      "version>=": "1.85.0"
    },
    {
      "name": "boost-mp11",
      "version>=": "1.85.0"
    },
    {
      "name": "boost-system",
      "version>=": "1.85.0"
    },
    {
      "name": "boost-throw-exception",
      "version>=": "1.85.0"
    }
  ]
}
