{
  "$comment": "Automatically generated by scripts/boost/generate-ports.ps1",
  "name": "boost-array",
  "version": "1.85.0",
  "port-version": 1,
  "description": "Boost array module",
  "homepage": "https://www.boost.org/libs/array",
  "license": "BSL-1.0",
  "dependencies": [
    {
      "name": "boost-assert",
      "version>=": "1.85.0"
    },
    {
      "name": "boost-cmake",
      "version>=": "1.85.0"
    },
    {
      "name": "boost-config",
      "version>=": "1.85.0"
    },
    {
      "name": "boost-core",
      "version>=": "1.85.0"
    },
    {
      "name": "boost-headers",
      "version>=": "1.85.0"
    },
    {
      "name": "boost-static-assert",
      "version>=": "1.85.0"
    },
    {
      "name": "boost-throw-exception",
      "version>=": "1.85.0"
    }
  ]
}
